Date,Close,High,Low,Open,Volume
2022-07-22,1.011910319328308,1.0256912564654965,1.0020668430918134,1.0197851237862026,2112099000
2022-07-25,0.9981294870376587,1.0168320447154386,0.9961606979402154,1.0099416349048613,1378870000
2022-07-26,1.0138789415359497,1.0148633360488668,0.9941919900255021,0.9991137279031139,1731670000
2022-07-27,1.0227382183074951,1.0237224955521709,1.007973003545896,1.0119103472115907,1755235000
2022-07-28,1.0306129455566406,1.036518960611488,1.023722418644088,1.0247068131583061,2306744000
2022-07-29,1.0266754627227783,1.0345502666363935,1.023722396587237,1.0306129233513284,2657803000
2022-08-01,1.0325816869735718,1.0345503587914686,1.0138790113448144,1.0188007495613038,2057282000
2022-08-02,1.004035472869873,1.0227381473429435,0.9873015874365377,1.0227381473429435,2398603000
2022-08-03,0.9961606860160828,1.0188007042742548,0.9922233425553093,1.0010824240137945,1864187000
2022-08-04,1.001082420349121,1.0030512094157906,0.984348534686857,0.9971450769027611,2222752000
2022-08-05,1.0237224102020264,1.0237224102020264,0.9981294438217647,0.9981294438217647,1626924000
2022-08-08,1.0315972566604614,1.034550322956766,1.017816437069028,1.019785108818734,1313181000
2022-08-09,1.036518931388855,1.0384876030183012,1.0237223897822287,1.0306129165005162,1074153000
2022-08-10,1.036518931388855,1.0394719975047662,1.0296285220140513,1.0296285220140513,1249437000
2022-08-11,1.050299882888794,1.0512841600462135,1.0375033410944552,1.0424250789120098,1756925000
2022-08-12,1.0404564142227173,1.053252956102768,1.0394720197152187,1.0473468237447487,1258496000
2022-08-15,1.047346830368042,1.051284173735963,1.0345502884070676,1.036518960091028,1354282000
2022-08-16,1.053252935409546,1.0601433447962016,1.0453781315347317,1.0473468031675643,1382876000
2022-08-17,1.0542372465133667,1.0571903127294817,1.046362442384889,1.0552216410332342,1424545000
2022-08-18,1.0591590404510498,1.0601434350229881,1.0502999586775819,1.0502999586775819,1316119000
2022-08-19,1.041440725326538,1.0621120719097832,1.040456448130449,1.0591590056345352,1271450000
2022-08-22,1.047346830368042,1.0502998965657264,1.0306129450391466,1.037503354604752,1503748000
2022-08-23,1.052268624305725,1.052268624305725,1.0434094252407282,1.0443938198068923,1534624000
2022-08-24,1.0138789415359497,1.0522685673874148,1.0109258753406851,1.04833122402272,1957800000
2022-08-25,1.0109258890151978,1.0158476269593848,0.9981294642351028,1.0128946780676635,1422668000
2022-08-26,1.0050199031829834,1.021753789212287,1.0010824423067701,1.0089572467157046,1261257000
2022-08-29,1.0089572668075562,1.011910333187649,0.987301642259366,0.9932076576760572,1381520000
2022-08-30,1.004035472869873,1.010925882478483,0.9991137349575104,1.0089572107822355,1705091000
2022-08-31,0.9725363254547119,1.0040354836345957,0.9695833178786801,0.999113745669465,2225654000
2022-09-01,0.9666302800178528,0.9804111584592697,0.9626928777957698,0.9676146159054368,1938057000
2022-09-05,2.6705377101898193,2.690224662679051,2.646913179453153,2.6557723784794027,633825000
2022-09-06,2.722707986831665,2.723692263988241,2.6675844763849055,2.6823495724814284,674322900
2022-09-07,2.7394418716430664,2.751254136268632,2.7108957219225975,2.715817577078907,555031000
2022-09-08,2.7177863121032715,2.748301252852662,2.7148332457505244,2.742395120147168,524612700
2022-09-09,2.725661039352417,2.727629593655721,2.6990836787620602,2.7168018409266415,722136300
2022-09-13,2.716801881790161,2.7414106884473566,2.707942683231134,2.729598423701987,580203400
2022-09-14,2.6862871646881104,2.6971149175286215,2.67152183382653,2.6872714418498918,576729700
2022-09-15,2.6026175022125244,2.7010522589293635,2.572102563349424,2.6882557170874772,884034000
2022-09-16,2.5494625568389893,2.6085236458109646,2.545525213490717,2.584899116347385,763758000
2022-09-19,2.520916700363159,2.5593060922631747,2.501229513788539,2.5366660741236893,677549600
2022-09-20,2.5494625568389893,2.5750556406332183,2.5209166415487863,2.5287913282453305,519368800
2022-09-21,2.5494625568389893,2.562259098736104,2.511073165834619,2.545525213490717,679773900
2022-09-22,2.554384469985962,2.5829306206107097,2.522885253111276,2.5278071084234988,561180000
2022-09-23,2.5071356296539307,2.5632436533796357,2.4815425454324465,2.556353009046409,755488200
2022-09-26,2.4726836681365967,2.5248541155908737,2.4707148790170637,2.4874487651286454,739191000
2022-09-27,2.519932270050049,2.5228853363974744,2.4746522323055076,2.476621021432787,921845700
2022-09-28,2.44610595703125,2.5199321426092944,2.444137402690513,2.5100886668446867,605384700
2022-09-29,2.454965114593506,2.484495541393761,2.4362624405472535,2.4657931020344788,714745700
2022-09-30,2.4077165126800537,2.4598869565495143,2.406732000844444,2.454965101432373,643349600
2022-10-10,2.3575146198272705,2.420513050991989,2.3447180781648727,2.4018103770720276,575005400
2022-10-11,2.3634209632873535,2.3752332288580607,2.3388121549107104,2.355546041344552,565388100
2022-10-12,2.433309555053711,2.4342940669676914,2.3250313154139204,2.360467877142522,869946500
2022-10-13,2.4598870277404785,2.4835113228003425,2.412638202933774,2.417560058193358,851156700
2022-10-14,2.5258383750915527,2.532728784931112,2.470714861688091,2.4726836507938157,573386100
2022-10-17,2.5406036376953125,2.551431390765388,2.502214011328258,2.5091044209807585,607451000
2022-10-18,2.557337522506714,2.5770244742759574,2.5317444382693015,2.54946260098683,641022800
2022-10-19,2.542572259902954,2.5740714774579883,2.538634916380321,2.548478392530396,545975100
2022-10-20,2.5346975326538086,2.5730871594362834,2.4904017733375716,2.5228852675862843,1041066000
2022-10-21,2.529775619506836,2.5484782938740587,2.510088667968804,2.529775619506836,601207800
2022-10-24,2.519932270050049,2.5868680494467142,2.4874487749153555,2.5297757463124713,839858700
2022-10-25,2.499260902404785,2.5238694743595356,2.45693393334312,2.495323559054462,687043800
2022-10-26,2.5593061447143555,2.582930675213276,2.49926101063256,2.49926101063256,1227081000
2022-10-27,2.544541120529175,2.578008893442739,2.538634987735725,2.569149694252564,805151200
2022-10-28,2.4510278701782227,2.539619154153226,2.441184394181,2.52583833469451,810032700
2022-10-31,2.47662091255188,2.5022139966464145,2.4323251539748814,2.4323251539748814,720630300
2022-11-01,2.5435566902160645,2.544540967393407,2.4677617150732707,2.479573979949284,898203600
2022-11-02,2.5681653022766113,2.579977567335768,2.5317444645935168,2.5396191515083015,643597100
2022-11-03,2.5809619426727295,2.590805419034011,2.5514315135888843,2.553400302735936,489712100
2022-11-04,2.6488819122314453,2.651834978510713,2.5780087909029876,2.580961857182255,749760300
2022-11-07,2.638054132461548,2.660694150583533,2.617382668714618,2.6449445421481985,645691900
2022-11-08,2.6370697021484375,2.638054214053393,2.6154141952311796,2.6311638041536307,622768100
2022-11-09,2.6252574920654297,2.65183485263025,2.6173825707988723,2.635100967633399,569279100
2022-11-10,2.600648880004883,2.6213203445221342,2.5917896809260608,2.612461145443312,770109500
2022-11-11,2.61049222946167,2.6744749396658714,2.60852367510891,2.665615741017526,1013156000
2022-11-14,2.5927741527557373,2.6351011236731305,2.580961887499913,2.6104923159524906,921674900
2022-11-15,2.653803825378418,2.654788102597279,2.582930702506717,2.582930702506717,646610900
2022-11-16,2.6341168880462646,2.663647316965009,2.6301793097741757,2.653803840658761,623646800
2022-11-17,2.6400227546691895,2.642975820994627,2.6065549825635457,2.6282107240544246,657899300
2022-11-18,2.6183671951293945,2.655772310019926,2.612461062597474,2.641007213377104,778965600
2022-11-21,2.629194974899292,2.632148041195113,2.5908053477405972,2.6006488238310075,496754200
2022-11-22,2.591789484024048,2.6301791090954407,2.576040110885294,2.621320145376634,1039718000
2022-11-23,2.585883617401123,2.595727093074184,2.5376505161970324,2.583914828391722,570618000
2022-11-24,2.588836669921875,2.600648699855085,2.573087061990624,2.5868678809228545,534454200
2022-11-25,2.5632436275482178,2.583914856278649,2.558321772315082,2.5819460672479995,376447600
2022-11-28,2.5534002780914307,2.5593061761016074,2.5150106502468588,2.5238696146056165,539533000
2022-11-29,2.5927741527557373,2.6045861833245785,2.556353079779273,2.5583218688842386,719349100
2022-11-30,2.5898211002349854,2.601633130866736,2.5789931121304828,2.5927741665646695,577616900
2022-12-01,2.616398334503174,2.6380540749656487,2.6095079249666986,2.6223044668735738,533170700
2022-12-02,2.6242730617523193,2.6469130797306715,2.6036018328235104,2.6036018328235104,509691900
2022-12-05,2.6370697021484375,2.6459289011711262,2.622304605130942,2.638054214053393,530353800
2022-12-06,2.6341168880462646,2.650850774298188,2.617382767107354,2.629195032549647,628237000
2022-12-07,2.632148027420044,2.648881913217468,2.6183672079029865,2.632148027420044,536437900
2022-12-08,2.620335817337036,2.6341168718305363,2.61147685299684,2.632148082706612,634540600
2022-12-09,2.6272261142730713,2.6331322467039033,2.6036018192367183,2.6173826384506764,596585800
2022-12-12,2.617382764816284,2.6321480966062256,2.60261766771333,2.6282107530245704,464913200
2022-12-13,2.597695827484131,2.6203358465704074,2.591789694733452,2.613445436590278,378381700
2022-12-14,2.582930564880371,2.6095079258693907,2.5760401553415124,2.5878521853994245,487192800
2022-12-15,2.591789484024048,2.598680128130964,2.575055599048895,2.5770243880347237,455036200
2022-12-16,2.5691494941711426,2.588836680178432,2.556352952344239,2.580961758838122,602666800
2022-12-19,2.5179636478424072,2.5760402266337494,2.5081201718449075,2.5711183712915093,645523900
2022-12-20,2.4913859367370605,2.5159947429414053,2.4854800391600294,2.5150104657930616,663007800
2022-12-21,2.4776053428649902,2.499261084903554,2.4569341127511275,2.4953237412657217,655439800
2022-12-22,2.439215660095215,2.485480209543408,2.4254348403258312,2.483511420424788,519880600
2022-12-23,2.421497344970703,2.442168573328889,2.4057477370700506,2.427403477269319,697672200
2022-12-26,2.464808702468872,2.4716991122341017,2.423466009190513,2.423466009190513,652356600
2022-12-27,2.4844956398010254,2.4864644288738114,2.456934000903899,2.4766209528838403,436343500
2022-12-28,2.467761754989624,2.4795740200567025,2.4608713452628215,2.4795740200567025,590566100
2022-12-29,2.4628400802612305,2.485480098018051,2.449059026423228,2.449059026423228,573594800
2022-12-30,2.467761754989624,2.476620953789933,2.459887068069558,2.4736678875231632,610750400
2023-01-03,2.523869514465332,2.530760158796611,2.461855592979639,2.465793171079506,833131200
2023-01-04,2.523869514465332,2.531744435978089,2.5071356289453166,2.523869514465332,612666800
2023-01-05,2.5504472255706787,2.551431502796547,2.519932284698889,2.5287914837926655,535760100
2023-01-06,2.554384469985962,2.5701340784233047,2.545525271236148,2.549462614673739,471440400
2023-01-09,2.5661966800689697,2.5829305653358596,2.557337481508743,2.559306035841922,517350700
2023-01-10,2.570134162902832,2.5740715064698425,2.5534002767277983,2.5632437529888175,473122100
2023-01-11,2.55143141746521,2.5809618454365135,2.546509562126503,2.5681653031802507,631917000
2023-01-12,2.55143141746521,2.571118369446079,2.544541007740604,2.549462628392331,540168500
2023-01-13,2.56718111038208,2.569149664832694,2.546509645841718,2.5524157785675357,500134000
2023-01-16,2.594742774963379,2.610492384153621,2.5691496893651093,2.5691496893651093,1184607000
2023-01-17,2.591789484024048,2.6075390918497705,2.587852140739359,2.594742550159306,659066700
2023-01-18,2.5996644496917725,2.6134452687670913,2.5937583173203578,2.5976956606723096,573530500
2023-01-19,2.6301791667938232,2.6311636786518195,2.589820986538231,2.5976956732803553,717334700
2023-01-20,2.654788017272949,2.657741083521608,2.6311637219706574,2.6311637219706574,1180884750
2023-01-30,2.6656157970428467,2.696130737021734,2.6636472426487123,2.683334194711939,853241900
2023-01-31,2.6744749546051025,2.684318430484812,2.6577410690782943,2.665615755907271,732282700
2023-02-01,2.7177863121032715,2.718770824012178,2.676443852538786,2.6774281297607065,716009400
2023-02-02,2.721723794937134,2.7443638130564096,2.7148331505643295,2.7207392830627457,791616700
2023-02-03,2.718770742416382,2.725661152137001,2.6813653928621872,2.714833164272903,725193700
2023-02-06,2.712864637374878,2.721723836256998,2.691208896114245,2.706958504786798,652382700
2023-02-07,2.7207393646240234,2.7217238765279252,2.694162002271404,2.7177862982862897,1014239000
2023-02-08,2.7020366191864014,2.724676637396222,2.698099275734037,2.7227080830135293,671408600
2023-02-09,2.7561757564544678,2.7591288226105553,2.6892402160817386,2.6941618365505704,1018207000
2023-02-10,2.7423949241638184,2.758144532023939,2.7187706297171226,2.753222676892102,778078000
2023-02-13,2.7679882049560547,2.76995675939957,2.7305828542854247,2.7305828542854247,743431200
2023-02-14,2.7738943099975586,2.7768473763203683,2.7591289783835102,2.769956731775823,545651100
2023-02-15,2.772909641265869,2.779800050733716,2.7630661656422344,2.7748784302653844,475729000
2023-02-16,2.7236924171447754,2.790628195982211,2.701052398461656,2.773894309944598,861325500
2023-02-17,2.6990838050842285,2.7315672994787246,2.69317767252396,2.7227081006383216,792904761
2023-02-20,2.7305827140808105,2.733535780281442,2.6784122690146153,2.697114943389622,878527900
2023-02-21,2.7433793544769287,2.7551916197032345,2.7217238478113455,2.731567323937606,547017300
2023-02-22,2.7512543201446533,2.7571604528521636,2.7256612348701,2.7384577775073766,469224300
2023-02-23,2.738457679748535,2.7551915653644485,2.717786216010189,2.7502697100548974,462630100
2023-02-24,2.728614330291748,2.746332493916044,2.70892737751498,2.7364890175276595,531807200
2023-02-27,2.7108957767486572,2.728614174045348,2.697114957531437,2.7168019091808873,627338500
2023-02-28,2.7325515747070312,2.735504640985037,2.696130736860933,2.7108958335639817,470768300
2023-03-01,2.7522385120391846,2.755191578301386,2.7207392950336917,2.7325515600824963,414054600
2023-03-02,2.7394418716430664,2.7601131000508348,2.7325514621738103,2.751254136268632,440234200
2023-03-03,2.735504627227783,2.751254235735614,2.7158176752647396,2.739441970682996,529172400
2023-03-06,2.744363784790039,2.7522384715821673,2.7197549778624306,2.7325515199148707,484486600
2023-03-07,2.695146322250366,2.7483012824859645,2.691208978633245,2.7483012824859645,510571900
2023-03-08,2.7030210494995117,2.7099114590049727,2.678412242962604,2.678412242962604,447004300
2023-03-09,2.709911584854126,2.7118803739558195,2.6882558434834265,2.703021175028672,489564200
2023-03-10,2.6705377101898193,2.7000681389236667,2.6685689210661017,2.695146283457866,565825100
2023-03-13,2.6833341121673584,2.6862871783546987,2.64986610693983,2.66463143787653,490390800
2023-03-14,2.6587252616882324,2.684318345098777,2.6291948349884438,2.684318345098777,489143300
2023-03-15,2.6715219020843506,2.6912088539448145,2.6656157695888156,2.670537624897421,393010400
2023-03-16,2.6311638355255127,2.6666003973517984,2.6242731908566057,2.665615885435104,458091900
2023-03-17,2.650850772857666,2.6675846591004957,2.637069718286818,2.6429758510047545,578056300
2023-03-20,2.6400227546691895,2.662662773372886,2.63017927848006,2.6528192971837563,467905900
2023-03-21,2.6734907627105713,2.675459317137126,2.6390384786890335,2.6390384786890335,479669000
2023-03-22,2.6843185424804688,2.6882558860592316,2.6734907889671238,2.6774281325458866,413803800
2023-03-23,2.694161891937256,2.6961306809774457,2.6774280065000577,2.6843184161102585,465545400
2023-03-24,2.6961307525634766,2.7010523732641634,2.686287276475121,2.6951462406737536,373613300
2023-03-27,2.7000679969787598,2.708927195539274,2.68136532269111,2.6961306536253002,379034300
2023-03-28,2.685302734375,2.7108958188541914,2.6784123246593685,2.7108958188541914,421252600
2023-03-29,2.675459146499634,2.7040052960469,2.6675844599216836,2.692193031493005,482404000
2023-03-30,2.6774280071258545,2.678412284302692,2.655772266426608,2.6705375975140435,478108300
2023-03-31,2.6990838050842285,2.701052359479664,2.6754592748431545,2.6754592748431545,397977700
2023-04-03,2.735504627227783,2.7374731816119,2.7020366211410254,2.7020366211410254,555842500
2023-04-04,2.7315673828125,2.740426347236188,2.715817773733627,2.740426347236188,427621200
2023-04-06,2.7404263019561768,2.7443638801760755,2.7207393496046195,2.7256612050360007,415909700
2023-04-07,2.7640507221221924,2.7689723426700037,2.7374731262909027,2.7404261924943794,295888900
2023-04-10,2.7394418716430664,2.7719253646764,2.733535739330284,2.769956575676482,361471700
2023-04-11,2.7404263019561768,2.74830122370899,2.7295985485689154,2.734520404000297,358809300
2023-04-12,2.7551915645599365,2.757160353620578,2.740426233322572,2.744363811443855,385695300
2023-04-13,2.738457679748535,2.7571603544256647,2.7355046135002,2.7561758425515674,355395600
2023-04-14,2.7551915645599365,2.758144630807409,2.7325515464539634,2.741410745196382,383831000
2023-04-17,2.7571604251861572,2.7601132568232964,2.747316714314423,2.7551916360744135,293765700
2023-04-18,2.7463324069976807,2.7591289493662825,2.735504653719241,2.7463324069976807,355827000
2023-04-19,2.734520435333252,2.7532228760006405,2.730582857068235,2.7443639116218197,337729500
2023-04-20,2.734520435333252,2.736488989778773,2.7187708263341457,2.730582857068235,362947900
2023-04-21,2.6656157970428467,2.733535852067072,2.6646315198457797,2.7315672976729375,432114600
2023-04-24,2.6439602375030518,2.671521875963425,2.633132249804783,2.665615743525638,518596500
2023-04-25,2.5967113971710205,2.6469130532182805,2.562259114614448,2.640022643644361,764015600
2023-04-26,2.604586124420166,2.6183671784692883,2.5868679616241206,2.5937583713051926,558264900
2023-04-27,2.61049222946167,2.6252575605422455,2.59572713306807,2.5967114102444495,739413400
2023-04-28,2.6498661041259766,2.6508506159786935,2.608523646921065,2.610492201252552,570276100
2023-05-04,2.6429758071899414,2.6508507289123036,2.630179264742213,2.641007252774588,443814500
2023-05-05,2.6144297122955322,2.641991586886969,2.5976958259696903,2.6380542432844747,441953100
2023-05-08,2.6301791667938232,2.641007154422962,2.609507938080516,2.609507938080516,538908400
2023-05-09,2.598680257797241,2.6370696500971795,2.598680257797241,2.6370696500971795,409792400
2023-05-10,2.6036019325256348,2.617382752339229,2.5868680463681297,2.5937584562749265,421829700
2023-05-11,2.601633071899414,2.61639840321317,2.5996645175155666,2.6055706500410687,368597700
2023-05-12,2.5691494941711426,2.6104921858185977,2.5681652170112184,2.5957270896718456,395246300
2023-05-15,2.5868680477142334,2.590805391279168,2.5435567991259775,2.569149649641547,387321700
2023-05-16,2.5632436275482178,2.5888367115117847,2.5553687061125956,2.5878521996529726,387309600
2023-05-17,2.576040267944336,2.5809618886785213,2.5593061472619483,2.563243725473677,446758600
2023-05-19,2.598680257797241,2.6085237338436067,2.572102661253772,2.585883715468268,442155500
2023-05-22,2.5937583446502686,2.603601820477354,2.577024459212921,2.5947426218268843,395947200
2023-05-23,2.5691494941711426,2.6006487101584392,2.5671809398512937,2.5957270896718456,361608600
2023-05-24,2.5632436275482178,2.5868679224811353,2.5524156399101092,2.569149525266216,403686300
2023-05-25,2.558321714401245,2.5799774545002574,2.5287912877318477,2.5602905033873258,469284800
2023-05-26,2.5809619426727295,2.5868680754268962,2.5386349708505196,2.550447236358853,475297700
2023-05-30,2.5868680477142334,2.590805391279168,2.5474941426909123,2.576040294238916,439225400
2023-05-31,2.5878522396087646,2.593758372104927,2.5681652877462096,2.5868679624217306,440932500
2023-06-01,2.5937583446502686,2.6104922300876163,2.5701340496026583,2.584899145999799,434587400
2023-06-02,2.6114768981933594,2.6183673082158685,2.5976958434613517,2.598680355383846,441871300
2023-06-05,2.6124610900878906,2.619351499885311,2.604586168400137,2.61147681288454,397150600
2023-06-06,2.557337522506714,2.611476757215623,2.5514313900385455,2.611476757215623,479499000
2023-06-07,2.557337522506714,2.5730871308595042,2.5514313900385455,2.5632436549748823,366106200
2023-06-08,2.545525312423706,2.5573375776145846,2.52583836023023,2.556353065724023,378516200
2023-06-09,2.5632436275482178,2.5652121818918925,2.536666031725839,2.5445409531614613,389622200
2023-06-12,2.5750555992126465,2.584899074768478,2.55832171423643,2.5622590575213686,424645500
2023-06-13,2.585883617401123,2.589820960732953,2.574071352718661,2.577024418889277,433508000
2023-06-14,2.594742774963379,2.601633184980299,2.5829307440859397,2.5858838104770467,390485800
2023-06-15,2.6095080375671387,2.6163984474009356,2.593758428795467,2.6026176277333417,395682200
2023-06-16,2.632148027420044,2.637069648096001,2.6065549427815196,2.6065549427815196,424174600
2023-06-19,2.6410071849823,2.6469130827637435,2.629194920045458,2.6311637090972573,502994500
2023-06-20,2.6439602375030518,2.6528192014727567,2.634116761669065,2.6439602375030518,487817100
2023-06-21,2.591789484024048,2.643960162622304,2.590805206874618,2.643960162622304,554687000
2023-06-26,2.545525312423706,2.5868680059047993,2.535681836326968,2.5809618733093598,807021800
2023-06-27,2.570134162902832,2.5770245728168466,2.544541077686785,2.5474941440337897,417883000
2023-06-28,2.5661966800689697,2.5701340234223014,2.519932132934658,2.5701340234223014,695990900
2023-06-29,2.577024459838867,2.5848991466276576,2.5563529963160834,2.5622591287511645,626481800
2023-06-30,2.617382764816284,2.6203358311742724,2.570134172462446,2.570134172462446,518920100
2023-07-07,2.5839149951934814,2.5947427487267305,2.5652123198012435,2.5937584715019772,412895900
2023-07-10,2.5848991870880127,2.597695729335329,2.573087156719938,2.5908053196155403,341525200
2023-07-14,2.5898211002349854,2.601633130866736,2.588836823020752,2.5967115101085865,385560900
2023-07-17,2.5809619426727295,2.5839150090498126,2.5642280563272495,2.581946219902761,425853200
2023-07-19,2.573087215423584,2.5868680351775635,2.5593061609826195,2.5760402817547203,308499900
2023-07-20,2.5406036376953125,2.580961818427666,2.5376505714603868,2.5740714087751653,672979700
2023-07-21,2.5376505851745605,2.5563530251808593,2.5287913864219065,2.5376505851745605,641324500
2023-07-24,2.5317444801330566,2.552415709426479,2.525838347567227,2.5317444801330566,363666500
2023-07-26,2.560290575027466,2.5721026052135585,2.5534001654138345,2.567180984641097,422879200
2023-07-28,2.5622591972351074,2.5671810526248846,2.524854081958125,2.5297757026609204,603725300
2023-08-03,2.5721025466918945,2.5740713356882696,2.556352938781804,2.569149480540817,512080700
2023-08-04,2.5868680477142334,2.601633144754486,2.5740715051129555,2.5799776378038506,410551100
2023-08-07,2.5750555992126465,2.5917894841888636,2.5711182559277077,2.583914797618986,376975400
2023-08-08,2.564228057861328,2.5760403233767284,2.5543845814941575,2.570134190619028,381648300
2023-08-09,2.544541120529175,2.5622592842225353,2.5406037768958716,2.5573376633526537,437763800
2023-08-10,2.542572259902954,2.551431458844117,2.530760229335054,2.5445410490077625,365249100
2023-08-11,2.496307849884033,2.5465095059211276,2.4953235727128082,2.542572162549253,421684200
2023-08-14,2.502213954925537,2.505167021093897,2.4598869860950052,2.485480069762811,453411200
2023-08-15,2.483511447906494,2.5061514669297162,2.4579183625161574,2.4992610569687774,462854600
2023-08-16,2.452012062072754,2.4805582118777476,2.4500435077539784,2.470714736222954,390860300
2023-08-17,2.4726836681365967,2.479574078024484,2.426419118666948,2.4470905830175953,466398500
2023-08-18,2.424450397491455,2.4815424617875474,2.4224816085073266,2.4785893956548395,372477500
2023-08-21,2.3978731632232666,2.4392156218837684,2.396888651335887,2.4205131816412955,497744700
2023-08-22,2.4126381874084473,2.417560042636359,2.3693269409629085,2.4067320550097433,614011700
2023-08-23,2.3673582077026367,2.40574783451159,2.3634208642397394,2.4027947682426722,580758300
2023-08-24,2.3693270683288574,2.396888708088452,2.3545617365383698,2.3712956227762647,478589200
2023-08-25,2.330937385559082,2.3712955670259297,2.3181408432038415,2.3604678137587958,631859100
2023-08-28,2.3457024097442627,2.4677616969430685,2.337827723009425,2.4677616969430685,918169500
2023-08-29,2.4165756702423096,2.4303567248635995,2.344718269514033,2.3496401250259917,1067364000
2023-08-30,2.4283878803253174,2.4539809651549023,2.414607060705382,2.416575615115668,612353500
2023-08-31,2.421497344970703,2.429372031577544,2.4087008032193586,2.426418965428236,453023400
2023-09-01,2.4195287227630615,2.4352783317493962,2.4087009692605132,2.422481789115936,424165200
2023-09-04,2.455949544906616,2.4569340568089006,2.4165756400508203,2.423466049931886,490374900
2023-09-05,2.442168712615967,2.457918321414885,2.4352783027702496,2.450043634358918,594822100
2023-09-06,2.4510278701782227,2.4579182799075805,2.41854437591869,2.4313409181837775,474258500
2023-09-07,2.4096851348876953,2.4500435500499513,2.4077165805349354,2.4500435500499513,612288400
2023-09-08,2.414607048034668,2.4244505240953944,2.400825993800066,2.40574784917392,479777500
2023-09-11,2.4500436782836914,2.4579183654808374,2.4067321946384244,2.4116540501518817,424147000
2023-09-12,2.4480748176574707,2.4598870827952615,2.4421686850885753,2.4421686850885753,309872800
2023-09-13,2.4165756702423096,2.446106099253095,2.397873229483037,2.444137544797902,416754000
2023-09-14,2.4077165126800537,2.416575476391758,2.391966904866958,2.4146069220944764,355002800
2023-09-15,2.408700942993164,2.424450551807746,2.3939356113898107,2.407716665781935,445020500
2023-09-18,2.4106695652008057,2.4214975535767294,2.3909826123007503,2.3988575342729668,384509500
2023-09-19,2.392951250076294,2.412638201730861,2.382123497072375,2.408700858337343,358977900
2023-09-20,2.37129545211792,2.394919981282481,2.370311174965053,2.388029571838474,417886000
2023-09-21,2.3535773754119873,2.3781859479362133,2.349640031970549,2.3624365741704585,381942800
2023-09-22,2.4008259773254395,2.4008259773254395,2.3476712538996654,2.3506243201663173,518623200
2023-09-25,2.3880295753479004,2.401810394256166,2.3821234430480804,2.3919669186521233,469968100
2023-09-26,2.378185987472534,2.3909825298851812,2.3772017102675562,2.3870451863782858,335802700
2023-09-27,2.392951250076294,2.403779003080213,2.373264298421727,2.3772016418152453,465902000
2023-09-28,2.4106695652008057,2.411654077126702,2.392951401465552,2.392951401465552,501160800
2023-10-09,2.4008259773254395,2.408700898932171,2.384092091605732,2.4018104892056433,460352400
2023-10-10,2.392951250076294,2.412638201730861,2.389013906682776,2.402794725903578,365041300
2023-10-11,2.3978731632232666,2.4214974588416935,2.389998241559137,2.401810506711841,621182500
2023-10-12,2.415591239929199,2.4175600289466104,2.398857354685612,2.4096851075639396,484410200
2023-10-13,2.4106695652008057,2.411654077126702,2.401810600676674,2.401810600676674,322873400
2023-10-16,2.384092092514038,2.4155913095790056,2.376217405591286,2.4116539661176297,486614800
2023-10-17,2.380154848098755,2.3870452581146404,2.3634209616763195,2.3840921917239766,275109800
2023-10-18,2.340780735015869,2.3742485048945867,2.3368433917396025,2.3712954387656446,411499700
2023-10-19,2.3161721229553223,2.3476713411793395,2.312234779349067,2.331921732067331,410578600
2023-10-20,2.290578842163086,2.320109503409346,2.2817198784761765,2.309281516056728,425539700
2023-10-23,2.2325024604797363,2.282704354280361,2.219706152408683,2.280735565130282,498342100
2023-10-24,2.2610485553741455,2.2738450978095743,2.2246277171683033,2.2344711932965575,417114500
2023-10-25,2.2866415977478027,2.300422417133846,2.2767981218024893,2.279751188054781,421801500
2023-10-26,2.302391290664673,2.3063286342498506,2.2669547290241012,2.2797512716911683,387000900
2023-10-27,2.3457024097442627,2.3535773311660746,2.285657278001945,2.2955007537639798,308952100
2023-10-30,2.3762173652648926,2.3860608410947703,2.332905883863849,2.332905883863849,311103200
2023-10-31,2.3634209632873535,2.3801548497211953,2.3506244204814175,2.369327096072707,252147500
2023-11-01,2.3604676723480225,2.3712954249664877,2.3506241968711534,2.3693268706832944,240989100
2023-11-02,2.3348746299743652,2.371295466406563,2.3338903528155677,2.3594834364400774,320220500
2023-11-03,2.3644051551818848,2.375233143126538,2.3397965823804516,2.341765136779857,510581800
2023-11-06,2.4126381874084473,2.416575530778592,2.376217350532405,2.3772016277031973,402604000
2023-11-07,2.420513153076172,2.4293721171491716,2.402794755556215,2.4037790327449975,421975400
2023-11-08,2.430356740951538,2.440200217353626,2.411654065381474,2.4165756862390233,348417100
2023-11-09,2.414607048034668,2.4402001327299527,2.408700915460836,2.4244505240953944,303005700
2023-11-10,2.4106695652008057,2.414607143530409,2.396888745108165,2.4087010107229943,274706000
2023-11-13,2.4352781772613525,2.4362624544208753,2.411653882624011,2.418544292114612,265241300
2023-11-14,2.4480748176574707,2.453980950226366,2.4293721427516295,2.4333094862352325,285238000
2023-11-15,2.457918167114258,2.4687459198082253,2.4480746915687503,2.4657930883628456,303536400
2023-11-16,2.4323251247406006,2.452996588015337,2.4313408475755565,2.4480747328161705,305777700
2023-11-17,2.458902597427368,2.4598871093241224,2.423466036318809,2.4303566808481536,299902000
2023-11-20,2.4756367206573486,2.479574064187457,2.445121780253293,2.4539809792112752,273417400
2023-11-21,2.457918167114258,2.4835112504699715,2.4559493781303687,2.4785893953537332,239389600
2023-11-22,2.4313409328460693,2.466777493587168,2.427403589360832,2.453980951244911,223082700
2023-11-23,2.454965114593506,2.456933903588311,2.416575489347083,2.4313408200906963,308693600
2023-11-24,2.420513153076172,2.453980924364563,2.4136225086937584,2.453980924364563,331931800
2023-11-27,2.421497344970703,2.427403477269319,2.403778948074855,2.4224816221248155,241032900
2023-11-28,2.430356740951538,2.4352783618090874,2.3988575225900606,2.4165756862390233,234134100
2023-11-29,2.4234659671783447,2.4352782321065267,2.414607003169185,2.4323251658744813,223892800
2023-11-30,2.4077165126800537,2.42248160865754,2.3860607726011756,2.4214973315088995,273840400
2023-12-01,2.430356740951538,2.4352783618090874,2.395904456200735,2.4077167217580366,308449400
2023-12-04,2.4195287227630615,2.436262608971359,2.4175601683191363,2.429372199043647,211407100
2023-12-05,2.3762173652648926,2.4136224795436383,2.3732642990472317,2.411653925189848,255713900
2023-12-06,2.386060953140259,2.4037791165912643,2.364405211422819,2.3742486877149305,236631000
2023-12-07,2.384092092514038,2.3959043575851457,2.366373929594356,2.379170471859063,331540600
2023-12-08,2.3791704177856445,2.4018104355327226,2.3772016287562128,2.384092038328762,392904500
2023-12-11,2.4037790298461914,2.413622505783082,2.353577372974145,2.3673581923483953,518531500
2023-12-12,2.4096851348876953,2.4116539239274304,2.396888592846855,2.4018104481027054,367244500
2023-12-13,2.38704514503479,2.4106694403539732,2.38409207878402,2.4106694403539732,273128700
2023-12-15,2.362436532974243,2.3899981712706726,2.350624268168931,2.3840920388680162,357672400
2023-12-18,2.325031280517578,2.3594835645020935,2.3171565934458522,2.353577431854807,219272700
2023-12-19,2.3269999027252197,2.335858866373757,2.308297228912587,2.3260153908966297,248418400
2023-12-20,2.2856574058532715,2.3299531666036564,2.2846731286281035,2.3260155883290095,233749400
2023-12-21,2.2974696159362793,2.306328580123273,2.25415813345483,2.2728608084042294,299441900
2023-12-22,2.277782440185547,2.3073131032425396,2.2669546868559713,2.2955008380197426,298480800
2023-12-25,2.2738449573516846,2.2836884328718963,2.258095349581952,2.272860680205754,287112500
2023-12-26,2.244314670562744,2.2718765445480207,2.2354554716367288,2.269907755446578,317873800
2023-12-27,2.257111072540283,2.263017204790077,2.2334867782280767,2.2443145308947194,369551100
2023-12-28,2.303375482559204,2.3102658922497517,2.2423460725323583,2.2492364822229063,496755600
2023-12-29,2.336843490600586,2.3378277677895505,2.28861038803664,2.3014069302410944,365941900
2024-01-02,2.3171565532684326,2.338812059683684,2.3171565532684326,2.333890439020938,402469600
2024-01-03,2.306328535079956,2.32306242061266,2.2905789267294767,2.312234667547258,384850200
2024-01-04,2.2925477027893066,2.3063285220102654,2.278766883568348,2.3023911786167024,371329100
2024-01-05,2.256126880645752,2.2964850613993946,2.242346061333482,2.2866415855067763,317095400
2024-01-08,2.1980502605438232,2.2492364280838175,2.195097194363672,2.2492364280838175,297593100
2024-01-09,2.1980502605438232,2.2236433443138206,2.1813163753142804,2.2029718810527603,299676500
2024-01-10,2.1832849979400635,2.2137999378605318,2.162613768719344,2.1891911304851206,225008200
2024-01-11,2.2265963554382324,2.236439830899686,2.1803318095511313,2.1803318095511313,349064500
2024-01-12,2.2078938484191895,2.2393930661497854,2.2078938484191895,2.2157685355083463,296560700
2024-01-15,2.201003313064575,2.223643330513917,2.185253705097167,2.1980502469027505,220051400
2024-01-16,2.1950972080230713,2.204940683789171,2.1645822688672793,2.1990345513921166,284725700
2024-01-17,2.1340675354003906,2.1911598348801755,2.1330832582432473,2.1862379797205174,212994300
2024-01-19,2.1015841960906982,2.135051968751682,2.09961540694541,2.11634952796289,456134000
2024-01-22,1.9864152669906616,2.1015841489494034,1.969681381035533,2.1015841489494034,318668800
2024-01-23,2.0120084285736084,2.0218519050805313,1.9490102258666993,1.976571866211287,333266800
2024-01-24,2.0435075759887695,2.0454763650962753,1.9598380285984913,2.015945936605589,338564800
2024-01-25,2.113396406173706,2.1143806833770475,2.0179144768401085,2.037601429028833,361391400
2024-01-26,2.0868186950683594,2.1212709768529012,2.078944008499477,2.1084744351632403,321305100
2024-01-29,2.02972674369812,2.101584142714784,2.0287424664939686,2.08583453401345,297117400
2024-01-30,1.973618984222412,2.0395702516707526,1.9696814059703136,2.0179145100321545,268956300
2024-01-31,1.900776982307434,1.9775562342884347,1.8929021782060376,1.9696813128435506,377708400
2024-02-01,1.8840430974960327,1.928338738568234,1.8564813418046322,1.8899491125662338,548366100
2024-02-02,1.8200603723526,1.9047143104126782,1.755093385716402,1.8830586873151078,605886700
2024-02-05,1.7098133563995361,1.794467294751502,1.6546898452852115,1.7915143459025273,4937763000
2024-02-06,1.8259665966033936,1.846637943576085,1.653705528288955,1.6743768752616466,3046341000
2024-02-07,1.9076673984527588,1.9244014012295818,1.8102169173818865,1.8102169173818865,2038399000
2024-02-08,1.9854309558868408,2.011024040329617,1.9184952958656094,1.929323166362974,1471847000
2024-02-19,1.9883840084075928,2.0179144360944012,1.9549161199564498,1.995274418065817,1894857000
2024-02-20,1.9933059215545654,2.003149397735875,1.9559005712533983,1.970665902868855,577577000
2024-02-21,2.0031492710113525,2.0631944015126322,1.969681266362587,1.9805092537579094,910213500
2024-02-22,2.0376014709472656,2.0405545373050242,2.0001963548939674,2.001180632117558,491282800
2024-02-23,2.0720536708831787,2.073037948066655,2.020867502350772,2.03858589977521,578900900
2024-02-26,2.075990915298462,2.1104431966338284,2.05433517548592,2.0691005059687817,569316000
2024-02-27,2.1389894485473633,2.141942514785821,2.0612259185376005,2.067131816327538,574771700
2024-02-28,2.035632848739624,2.1675353797895758,2.033664059670991,2.1389894637597666,1170156000
2024-02-29,2.1173336505889893,2.1183179277462694,2.0208674485663884,2.0248047918824805,632387200
2024-03-01,2.140958070755005,2.143911137087035,2.103552955027595,2.1143807084537163,639772500
2024-03-04,2.144895315170288,2.1517859594178805,2.1055214121456274,2.1399736946356924,583904000
2024-03-05,2.129146099090576,2.1419426419881735,2.1114277006075994,2.1320989308174143,1970307000
2024-03-06,2.1271772384643555,2.151786046190628,2.0996153644234505,2.1222553830443074,529580800
2024-03-07,2.0956780910491943,2.1508016062891953,2.094693813807031,2.1281615869104984,517124400
2024-03-08,2.123239755630493,2.1330832311377557,2.0878031968669553,2.100599738495093,372246300
2024-03-11,2.165566921234131,2.1665511984685115,2.113396472820107,2.116349539210239,573270500
2024-03-12,2.175410270690918,2.1882068127390752,2.150801463771546,2.165566794860564,430820200
2024-03-13,2.1823008060455322,2.202972036074238,2.164582407717793,2.1734416068816627,373699700
2024-03-14,2.169504165649414,2.193128461003169,2.148832936550751,2.1793476416040605,353905600
2024-03-15,2.202971935272217,2.2039564471478132,2.157691898978095,2.1616294771065236,519997500
2024-03-18,2.2393929958343506,2.240377273017843,2.1960815141429864,2.204940712855353,515682500
2024-03-19,2.2177371978759766,2.238408426318849,2.2147841317145702,2.2305337396797467,454723700
2024-03-20,2.23742413520813,2.2433302674941116,2.214784117903179,2.2167529068941634,355711900
2024-03-21,2.2364399433135986,2.2531738289704957,2.22265888922529,2.2423460758247336,304758600
2024-03-22,2.2108469009399414,2.238408540266818,2.1941130149647683,2.2344711967468336,463814100
2024-03-25,2.1616294384002686,2.2187215039964467,2.1606449265423007,2.207893751054597,508632600
2024-03-26,2.1517860889434814,2.173441596098402,2.131114624330345,2.1596607761476365,487295800
2024-03-27,2.081897258758545,2.1517861056579997,2.079928469598719,2.145879972865512,516929000
2024-03-28,2.1301302909851074,2.1508015203666897,2.077959844242748,2.077959844242748,598000900
2024-03-29,2.1527702808380127,2.1547388352175254,2.1124118651272785,2.1242241301522697,538054200
2024-04-01,2.1980502605438232,2.2019876038883677,2.1576918458730687,2.1576918458730687,607650900
2024-04-02,2.1862380504608154,2.1980503154766287,2.1695041648130657,2.1950972492226755,551754000
2024-04-03,2.1793477535247803,2.1862381635781927,2.156707734197715,2.1862381635781927,522113200
2024-04-08,2.1340675354003906,2.1704883717713708,2.1330832582432473,2.1685198174570846,327485900
2024-04-09,2.1616294384002686,2.1645822699132484,2.128161433029777,2.1340675654296857,234948000
2024-04-10,2.123239755630493,2.157691802562427,2.10552135890524,2.157691802562427,246659800
2024-04-11,2.1281614303588867,2.153754514268389,2.106505924502365,2.1104432678683716,319814100
2024-04-12,2.110443353652954,2.1419425712353224,2.106506010126904,2.1222553842311043,264939000
2024-04-15,2.091740608215332,2.1212710356982876,2.0602413916920552,2.104537150259977,325894300
2024-04-16,2.002164840698242,2.089771847142902,2.001180563508397,2.083865949316851,694813500
2024-04-17,2.0927248001098633,2.093709311933391,2.016930062794407,2.0188988517544963,582402300
2024-04-18,2.0897717475891113,2.1153648308017012,2.0661474533494006,2.08189706107153,620890300
2024-04-19,2.079928398132324,2.101584139398357,2.064178789455844,2.077959843727128,481451900
2024-04-22,2.075990915298462,2.0996152093840745,2.04744476615624,2.072053572065354,244087000
2024-04-23,2.0622103214263916,2.084850340843301,2.051382567683345,2.0720537979256135,281431000
2024-04-24,2.100599765777588,2.1015840429350074,2.056304008076112,2.0602413513927615,441433100
2024-04-25,2.0996153354644775,2.121271076577431,2.0868187931732294,2.098631058268837,390309400
2024-04-26,2.1429266929626465,2.1468640362030182,2.0956778700172856,2.1005997250829753,816232000
2024-04-29,2.1950972080230713,2.1990345513921166,2.1458798291925714,2.150801449732134,946719700
2024-04-30,2.172457218170166,2.1970660252446934,2.1665510856973214,2.1911598927718483,463797400
2024-05-06,2.212815523147583,2.233486987963009,2.201003492225759,2.2019877694641634,775970700
2024-05-07,2.221674680709839,2.226596536183584,2.207893860882531,2.210846927229381,451348600
2024-05-08,2.1862380504608154,2.2147842011243783,2.1842694960828326,2.2147842011243783,533688400
2024-05-09,2.224627733230591,2.232502420315258,2.1832850393186267,2.1832850393186267,381882400
2024-05-10,2.2049407958984375,2.2354555019187625,2.193128530503738,2.2315181583495245,753417600
2024-05-13,2.184269428253174,2.1990345243774505,2.1645822422758525,2.1921441148945253,471790000
2024-05-14,2.19411301612854,2.209862390216833,2.182300750875337,2.185253817188638,394274700
2024-05-15,2.1744260787963867,2.1980503747784006,2.1704885005602303,2.1921442421111506,224590100
2024-05-16,2.169504165649414,2.1950972500688897,2.1655668222049513,2.178363364414689,327578300
2024-05-17,2.2049407958984375,2.2069095850265494,2.165566890832088,2.1704885116218886,479549500
2024-05-20,2.212815523147583,2.2226589995925985,2.197066148585151,2.204940835866367,524912700
2024-05-21,2.1901752948760986,2.209862245887666,2.181316331201771,2.208877968743178,643007100
2024-05-22,2.1931283473968506,2.198050202462706,2.178363251573218,2.1872222151926106,210364600
2024-05-23,2.1458799839019775,2.1862381670465596,2.1380050619091624,2.1862381670465596,318884100
2024-05-24,2.120286703109741,2.1557232621005795,2.120286703109741,2.1350517991218583,249685100
2024-05-27,2.144895315170288,2.146864104196311,2.095677936389462,2.1252083636579577,272933200
2024-05-28,2.120286703109741,2.14391099754131,2.1163493598189747,2.1350517991218583,250226800
2024-05-29,2.11930251121521,2.13702067407992,2.1104433124393656,2.116349444956595,224647600
2024-05-30,2.1183180809020996,2.1320989008482707,2.1035529837274844,2.109458881785138,267985500
2024-05-31,2.1242241859436035,2.1380050057100517,2.120286842394188,2.1212711196097955,299523700
2024-06-03,2.0956780910491943,2.124224243254854,2.079928481739624,2.120286899599209,316898900
2024-06-04,2.1094586849212646,2.114380539978133,2.07795970436778,2.086818667970997,305906300
2024-06-05,2.0838658809661865,2.116349374035413,2.082881369121654,2.1035528322392345,249735600
2024-06-06,2.0405545234680176,2.0966625491979762,2.031695324454816,2.0878033501847746,439262000
2024-06-07,2.048429489135742,2.0641788636916485,2.026773747090885,2.057288453651692,464247500
2024-06-11,2.067131757736206,2.0730378900457156,2.020867445789998,2.0376013308756282,336518100
2024-06-12,2.07303786277771,2.0799282721525136,2.056303977912191,2.0582727668851213,328636700
2024-06-13,2.060241460800171,2.0779598586964707,2.0553198400647434,2.0779598586964707,213099700
2024-06-14,2.066147565841675,2.0720536983949063,2.0464606137888905,2.0533510235386667,399380000
2024-06-17,2.063194513320923,2.0769753329123564,2.0533510372289014,2.056304103525206,347731100
2024-06-18,2.081897258758545,2.0868188796276246,2.061226028671828,2.063194583144664,599763100
2024-06-19,2.054335355758667,2.0887876401173027,2.053351078535759,2.0838660193157756,578974800
2024-06-20,2.016930103302002,2.059257071954792,2.0110239709900832,2.0503978734869137,463710300
2024-06-21,2.01397705078125,2.0277578698110466,2.0011805089144468,2.010039707442304,340790700
2024-06-24,1.9490101337432861,2.003149369315872,1.9470414620036534,2.00216485743082,358779400
2024-06-25,1.9332605600357056,1.9578692505840407,1.9184953457067042,1.9490101689240371,385462400
2024-06-26,1.9903528690338135,1.992321423471536,1.9194797461621123,1.9293232224116827,498379100
2024-06-27,1.9421197175979614,1.9844466879066174,1.9391666513264756,1.9795248325584809,541151600
2024-06-28,1.951963186264038,1.9844466804411998,1.9352291832364013,1.9362135777710234,724061200
2024-07-01,1.9696813821792603,1.979524858316639,1.9283388058709678,1.9480257581457252,643981900
2024-07-02,1.9559005498886108,1.9765717792374686,1.9480257455608831,1.9667284205071727,412980600
2024-07-03,1.9401509761810303,1.9578692569017035,1.9371980271804954,1.951963241557141,278729500
2024-07-04,1.9017614126205444,1.949010120774793,1.8909335421093767,1.9440883827867148,727920700
2024-07-05,1.9204639196395874,1.9293231181917323,1.8820742939339332,1.8978239020198662,564560700
2024-07-08,1.8751839399337769,1.9145579613146722,1.8663248584627568,1.9116048950431688,409753900
2024-07-09,1.9155422449111938,1.9214483774739386,1.8554969941160855,1.8702622081794573,1085149000
2024-07-10,1.9066832065582275,1.9283388308725349,1.9047144174304325,1.909636272906427,465797900
2024-07-11,1.9549161195755005,1.9568849086290283,1.9244014147111712,1.9303074298412888,627197300
2024-07-12,1.947041392326355,1.9568848680157478,1.9381821937998098,1.9529474073338988,354497000
2024-07-15,1.9263701438903809,1.9440884244962984,1.921448405796709,1.9411353581713968,1067802000
2024-07-16,1.9312918186187744,1.9352291620271318,1.9096361951858327,1.921448342754393,610224500
2024-07-17,1.9184952974319458,1.932276234198342,1.9125891649115634,1.92735437886903,1655624000
2024-07-18,1.923417091369629,1.9283388294986237,1.8840431863376712,1.9047144160733531,1459805000
2024-07-19,1.9244014024734497,1.942119682438105,1.9066831225087941,1.9076673996858102,920160000
2024-07-22,1.927354335784912,1.9362135343674474,1.9145579111826176,1.9234169924216657,556529300
2024-07-23,1.874199628829956,1.9293231404223967,1.874199628829956,1.9273543513813547,342062000
2024-07-24,1.8486065864562988,1.8810900809013351,1.847622191913559,1.8722308820471485,520992200
2024-07-25,1.8505752086639404,1.872230831933145,1.8358099949790072,1.8397473383575944,482397100
2024-07-26,1.8801056146621704,1.8850273525012013,1.8486065159610685,1.849590793122783,328499400
2024-07-29,1.871246576309204,1.8830587239244798,1.8653404438298218,1.8801056576847888,190986500
2024-07-30,1.8791214227676392,1.8879805043424913,1.8515596661497231,1.8653404857869353,300594500
2024-07-31,1.9618066549301147,1.9637753266485374,1.8732152541662024,1.8771525976030479,1463113000
2024-08-01,1.9490101337432861,1.9755874955870532,1.9371979859619997,1.9588536097849398,792387900
2024-08-02,1.9224326610565186,1.9618066826997627,1.9175109230190495,1.9332605316763471,450951700
2024-08-05,1.871246576309204,1.9431039738720743,1.868293510069513,1.907667413682758,1077406000
2024-08-06,1.8968396186828613,1.9076673715311616,1.875183878299288,1.8909334863339802,637120900
2024-08-07,1.8948708772659302,1.9076674194476029,1.8830587296149588,1.8909335338301028,601869000
2024-08-08,1.8968396186828613,1.9116048322115777,1.8682934687879176,1.8879804201595396,414234800
2024-08-09,1.8781369924545288,1.9175108962036587,1.8781369924545288,1.9056987485476176,397003300
2024-08-12,1.871246576309204,1.8810900522125154,1.8623873775901307,1.8741996425488952,284600600
2024-08-13,1.8761683702468872,1.8810901083454106,1.8554970232956922,1.869277960377653,420122100
2024-08-14,1.8574656248092651,1.8771525764587154,1.8564813476328852,1.8751839047624679,275502700
2024-08-15,1.874199628829956,1.8988083184081015,1.8495908219083228,1.8505752164288438,864509200
2024-08-16,1.8594344854354858,1.881090109614905,1.8594344854354858,1.8741996997410206,429806500
2024-08-19,1.863371729850769,1.886996141888934,1.8554969258380474,1.8584499920107538,338032500
2024-08-20,1.830888271331787,1.8673091085693476,1.8230134671698444,1.8643561596841713,752640900
2024-08-21,1.8210448026657104,1.8377786882363247,1.8190761309533126,1.8239978689060514,282826700
2024-08-22,1.7984048128128052,1.8269508464488873,1.795451746526161,1.8210448312190897,423494300
2024-08-23,1.799389123916626,1.8052952566011973,1.7865926986725431,1.7964361749178333,477332600
2024-08-26,1.8062796592712402,1.8151387409943711,1.7924987220598778,1.7984048547709608,463638200
2024-08-28,1.7885613441467285,1.805295230048901,1.7777334734987686,1.7836396060964725,734258700
2024-08-29,1.8180917501449585,1.825966554397463,1.7797021234178083,1.7816707951450619,849753100
2024-08-30,1.8525439500808716,1.8801057067988374,1.814154439992503,1.814154439992503,1606883000
2024-09-02,1.8131699562072754,1.8554969250828772,1.810216890035771,1.8476221210733605,855605800
2024-09-03,1.8289196491241455,1.8417161915656854,1.809232696858235,1.809232696858235,789162400
2024-09-04,1.8220291137695312,1.840731788744206,1.8112013604780268,1.815138703976121,472501700
2024-09-05,1.836794376373291,1.8486065237681537,1.8230134399597122,1.8230134399597122,440815100
2024-09-06,1.8062796592712402,1.841716220850751,1.8013579211265023,1.839747431718061,680900600
2024-09-09,1.7915143966674805,1.8121856259134839,1.7836395923789357,1.7964361346798845,408367000
2024-09-10,1.7974203824996948,1.805295186659536,1.7600151507480664,1.7915143673874303,518359900
2024-09-11,1.796436071395874,1.8023420863966106,1.7826551350405164,1.78757687287954,860700800
2024-09-12,1.7905299663543701,1.820060393838803,1.7875769001372293,1.799389047662305,617876100
2024-09-13,1.7688744068145752,1.7934830972727123,1.7669056177031304,1.7905300309490373,658004700
2024-09-18,1.7609995603561401,1.770843036304386,1.7373751476742563,1.766905575518994,520586200
2024-09-19,1.7954517602920532,1.814154435355201,1.7531247894416038,1.7649369373352546,1119459000
2024-09-20,1.7856082916259766,1.7944673732473995,1.770843077361277,1.7905300297142097,1537079000
2024-09-23,1.7875769138336182,1.8082482601685,1.775764766218038,1.7826551758818356,452182500
2024-09-24,1.8623874187469482,1.8643562078459097,1.7856082815356837,1.8043108392278866,2090227000
2024-09-25,1.8751839399337769,1.9224326482473613,1.8732152682006047,1.8810900724767838,1358595000
2024-09-26,1.9627909660339355,1.9667284268823082,1.8673091539339064,1.8673091539339064,2740138000
2024-09-27,2.138005018234253,2.1458799400662,1.9755875423583062,1.9933059404649478,1415966000
2024-09-30,2.3516085147857666,2.3516085147857666,2.1271771292097075,2.234471084173968,5843265000
2024-10-08,2.489417552947998,2.586868037917768,2.352593163104016,2.586868037917768,3749725000
2024-10-09,2.287625789642334,2.441184290288183,2.2669545613339945,2.3919669123966814,2371558000
2024-10-10,2.259079933166504,2.357514691495054,2.2374241924594322,2.2994381136751167,2169131000
2024-10-11,2.168519973754883,2.248252061717541,2.136036478358173,2.2452989953462956,2502679000
2024-10-14,2.247267723083496,2.25022078937405,2.136036419991578,2.175410324282983,2108554000
2024-10-15,2.201003313064575,2.281719907218185,2.19608145789921,2.2295494628375665,2515340000
2024-10-16,2.2088780403137207,2.2433303230437467,2.166551070798705,2.166551070798705,1053864000
2024-10-17,2.200018882751465,2.2502207746759835,2.198050328361942,2.2246276901163435,1552726000
2024-10-18,2.300422430038452,2.375233129266871,2.1931284712265593,2.196081537495417,3456522000
2024-10-21,2.3417651653289795,2.3801547928291735,2.301406983405381,2.311250459583355,1746654000
2024-10-22,2.3545615673065186,2.3752330303274602,2.3240468633820415,2.3358588932784663,1608516000
2024-10-23,2.3604676723480225,2.401810363225658,2.340780721394285,2.3584988833778615,924024300
2024-10-24,2.3447182178497314,2.3565304830685654,2.324046988403755,2.3457024950556398,834214500
2024-10-25,2.398857355117798,2.4106693851634726,2.3457023985078562,2.3457023985078562,1399638000
2024-10-28,2.4313409328460693,2.4323252100456334,2.382123552563149,2.392951305819297,971647800
2024-10-29,2.3949201107025146,2.444137491310077,2.3899982552982673,2.4411844250049253,1908879000
2024-10-31,2.4441373348236084,2.469730418038334,2.396888511653276,2.411653842233682,1024828000
2024-11-01,2.3732643127441406,2.446105987368236,2.366373903092157,2.4313408908816925,1337878000
2024-11-04,2.427403450012207,2.4303565161283553,2.361451953000852,2.36243646483088,731579300
2024-11-06,2.516979217529297,2.54847843561688,2.4953237104451973,2.510088807576448,1116494000
2024-11-07,2.564228057861328,2.567181124240178,2.4913861449946744,2.4913861449946744,855353700
2024-11-08,2.5661966800689697,2.6075391373094132,2.554384415322001,2.5789929872955546,1087744000
2024-11-11,2.62624192237854,2.6291949886898505,2.554384523072943,2.554384523072943,1737884000
2024-11-12,2.5996644496917725,2.644944484956654,2.571118299687917,2.628210599695628,999754200
2024-11-13,2.5848991870880127,2.6016330727913535,2.54257221689004,2.58293063270349,952748800
2024-11-14,2.5091044902801514,2.5839149560281878,2.50516714675383,2.5799776125018665,1566918000
2024-11-15,2.4500436782836914,2.5307602781458844,2.4490591663688073,2.503198403581897,960639700
2024-11-18,2.3919670581817627,2.4657932468620425,2.369327039503116,2.4559495359968198,1171811000
2024-11-19,2.452012062072754,2.4549651282378893,2.3781858773183147,2.386060798654333,977273100
2024-11-20,2.4972922801971436,2.5012296238104685,2.436262632786144,2.442168765549626,1415098000
2024-11-21,2.5031983852386475,2.5130418615064416,2.4766210227843017,2.4933549089708533,458406900
2024-11-22,2.408700942993164,2.508120216623785,2.406732153883722,2.498276740450544,613174400
2024-11-25,2.4195287227630615,2.427403644599722,2.3712956185820953,2.422481789115936,413448700
2024-11-26,2.3880295753479004,2.438231230522428,2.3870450635066165,2.412638147014522,513734600
2024-11-27,2.4470906257629395,2.451027969383797,2.3417652171113206,2.38507670100172,1200080000
2024-11-28,2.433309555053711,2.4657932851013347,2.427403657004767,2.445121820525574,830894200
2024-11-29,2.473667860031128,2.4992609442673728,2.4146070047260904,2.4303566130781626,1563294000
2024-12-02,2.523869514465332,2.5327287131595675,2.4716990688553526,2.4746521350867643,1051509000
2024-12-03,2.516979217529297,2.5386349593003836,2.493354921307103,2.5248541393946864,1376572000
2024-12-04,2.483511447906494,2.5169792204844788,2.466777561617502,2.513041876890655,1022554000
2024-12-05,2.5120575428009033,2.520916741701711,2.4726836383799586,2.4756367046802277,707218200
2024-12-06,2.539619207382202,2.5543845390309987,2.4864644828205034,2.511073290672836,1969596000
2024-12-09,2.516979217529297,2.54847843561688,2.498276776808845,2.5366661701622895,843935800
2024-12-10,2.5435566902160645,2.6075391657958686,2.5366660459137393,2.603601822399523,1954500000
2024-12-11,2.576040267944336,2.578993099572657,2.5346975742170543,2.5386349177417995,868271600
2024-12-12,2.5957272052764893,2.5976957596840102,2.552415722693271,2.5760402530793836,756605800
2024-12-13,2.544541120529175,2.5809619598394637,2.5396192649723033,2.578993170679317,1528158000
2024-12-16,2.5120575428009033,2.546509591825739,2.502214066695667,2.5445410374168813,606244500
2024-12-17,2.457918167114258,2.5100886109741456,2.4539808238334486,2.503198201560987,914832900
2024-12-18,2.4776053428649902,2.4953237412657217,2.4490591907884722,2.4608714563889595,638427200
2024-12-19,2.4844956398010254,2.4904017723324037,2.44118439238255,2.4539809346382095,592509700
2024-12-20,2.5091044902801514,2.5278071653889063,2.475636718275946,2.4766209954857805,606249500
2024-12-23,2.4382312297821045,2.507135558989483,2.4362624407871056,2.5031982156864556,1028065000
2024-12-24,2.464808702468872,2.4657932143546057,2.4283878645582377,2.4411844068899446,613464300
2024-12-25,2.440200090408325,2.4648086627898516,2.415591283339822,2.4648086627898516,1174241000
2024-12-26,2.463824510574341,2.4726837097307857,2.435278358639344,2.4362626358721746,926100600
2024-12-27,2.467761754989624,2.502214038310616,2.450043592075986,2.463824411529591,680149600
2024-12-30,2.4608712196350098,2.477605104501117,2.441184268652887,2.462840008608009,690278800
2024-12-31,2.3821234703063965,2.468745962738395,2.3801546812882712,2.4598869988742638,1087495000
2025-01-02,2.318140745162964,2.3929512070423504,2.295500727698664,2.3781858762234718,1190049000
2025-01-03,2.2541580200195312,2.3279842042135663,2.2443145444394577,2.321093794776212,1673134000
2025-01-06,2.241361618041992,2.2738451129502244,2.2246277319812338,2.2492365398092216,1285256000
2025-01-07,2.2738449573516846,2.2748294691845836,2.229549434854215,2.2403771875203575,1334717000
2025-01-08,2.263017416000366,2.2836886461169477,2.197066147325281,2.2659704824008764,1606924000
2025-01-09,2.2679388523101807,2.2846729721135683,2.2462833467180983,2.248251901033576,914305200
2025-01-10,2.2197060585021973,2.2876258783451866,2.217737269435409,2.265970372045414,515784400
2025-01-13,2.224627733230591,2.241361619300747,2.185253828433286,2.201987714503442,740220500
2025-01-14,2.3269999027252197,2.327984179866842,2.2226587810433074,2.2275806361253547,1673319000
2025-01-15,2.309000015258789,2.3269999027252197,2.299999952316284,2.319999933242798,1160103000
2025-01-16,2.319000005722046,2.365000009536743,2.2990000247955322,2.318000078201294,1031537000
2025-01-17,2.3359999656677246,2.3559999465942383,2.302000045776367,2.309999942779541,715596100
2025-01-20,2.3489999771118164,2.372999906539917,2.3420000076293945,2.3480000495910645,643854200
2025-01-21,2.364000082015991,2.36899995803833,2.3310000896453857,2.359999895095825,801171900
2025-01-22,2.3450000286102295,2.3589999675750732,2.3289999961853027,2.3540000915527344,705844400
2025-01-23,2.3329999446868896,2.3989999294281006,2.3320000171661377,2.3610000610351562,1187863000
2025-01-24,2.380000114440918,2.381999969482422,2.3289999961853027,2.3289999961853027,1256736000
2025-01-27,2.3359999656677246,2.3929998874664307,2.3340001106262207,2.384000062942505,987521500
2025-02-05,2.3519999980926514,2.375999927520752,2.3389999866485596,2.3540000915527344,861672100
2025-02-06,2.4149999618530273,2.4210000038146973,2.3389999866485596,2.3469998836517334,801423300
2025-02-07,2.4549999237060547,2.4839999675750732,2.4140000343322754,2.4159998893737793,1332989000
2025-02-10,2.4830000400543213,2.489000082015991,2.450000047683716,2.4549999237060547,1207204000
2025-02-11,2.4779999256134033,2.48799991607666,2.453000068664551,2.4800000190734863,683543800
2025-02-12,2.515000104904175,2.5179998874664307,2.4700000286102295,2.4730000495910645,619233500
2025-02-13,2.490999937057495,2.5139999389648438,2.4830000400543213,2.51200008392334,604225000
2025-02-14,2.5,2.50600004196167,2.4739999771118164,2.4860000610351562,623321900
2025-02-17,2.510999917984009,2.5230000019073486,2.490000009536743,2.507999897003174,1479497000
2025-02-18,2.4609999656677246,2.5139999389648438,2.446000099182129,2.505000114440918,899067400
2025-02-19,2.5160000324249268,2.5179998874664307,2.453000068664551,2.453000068664551,672871100
2025-02-20,2.5329999923706055,2.5399999618530273,2.507999897003174,2.510999917984009,704008200
2025-02-21,2.5810000896453857,2.5910000801086426,2.5250000953674316,2.5369999408721924,564613100
2025-02-24,2.5850000381469727,2.5999999046325684,2.562000036239624,2.5799999237060547,727053100
2025-02-25,2.5739998817443848,2.5989999771118164,2.5460000038146973,2.552999973297119,449202900
2025-02-26,2.614000082015991,2.615000009536743,2.566999912261963,2.5759999752044678,390309300
2025-02-27,2.5999999046325684,2.61899995803833,2.559999942779541,2.6080000400543213,497368800
2025-02-28,2.510999917984009,2.5889999866485596,2.503000020980835,2.5859999656677246,1270109000
2025-03-03,2.507999897003174,2.552000045776367,2.496000051498413,2.5139999389648438,650157200
2025-03-04,2.5409998893737793,2.5450000762939453,2.490000009536743,2.492000102996826,559809500
2025-03-05,2.558000087738037,2.559000015258789,2.5239999294281006,2.5399999618530273,565835300
2025-03-06,2.614000082015991,2.625,2.569999933242798,2.572000026702881,558609000
2025-03-07,2.6029999256134033,2.630000114440918,2.5880000591278076,2.6080000400543213,597475700
2025-03-10,2.6059999465942383,2.61299991607666,2.5829999446868896,2.6029999256134033,662038800
2025-03-11,2.624000072479248,2.625,2.5769999027252197,2.5799999237060547,388883300
2025-03-12,2.628000020980835,2.6559998989105225,2.621999979019165,2.627000093460083,593555100
2025-03-13,2.5880000591278076,2.627000093460083,2.561000108718872,2.621999979019165,680231200
2025-03-14,2.63100004196167,2.632999897003174,2.568000078201294,2.5840001106262207,776655200
2025-03-17,2.634000062942505,2.6429998874664307,2.621000051498413,2.630000114440918,729597000
2025-03-18,2.6449999809265137,2.6600000858306885,2.630000114440918,2.6389999389648438,313063400
2025-03-19,2.627000093460083,2.640000104904175,2.614000082015991,2.634999990463257,421630500
2025-03-20,2.615999937057495,2.6389999389648438,2.6089999675750732,2.621000051498413,428796100
2025-03-21,2.562000036239624,2.61299991607666,2.555000066757202,2.6080000400543213,586070200
2025-03-24,2.5420000553131104,2.562999963760376,2.499000072479248,2.559000015258789,749467300
2025-03-25,2.5250000953674316,2.5510001182556152,2.5160000324249268,2.5360000133514404,610761000
2025-03-26,2.5329999923706055,2.549999952316284,2.5190000534057617,2.5190000534057617,491593200
2025-03-27,2.5329999923706055,2.559999942779541,2.5,2.5290000438690186,473648200
2025-03-28,2.506999969482422,2.5439999103546143,2.503000020980835,2.5299999713897705,509594600
2025-03-31,2.492000102996826,2.50600004196167,2.4590001106262207,2.496999979019165,766435300
2025-04-01,2.503000020980835,2.5209999084472656,2.493000030517578,2.493000030517578,673484800
2025-04-02,2.510999917984009,2.5299999713897705,2.496000051498413,2.496999979019165,297233700
2025-04-03,2.4820001125335693,2.5220000743865967,2.4639999866485596,2.492000102996826,538772700
2025-04-07,2.2339999675750732,2.3959999084472656,2.2339999675750732,2.3570001125335693,1444303000
2025-04-08,2.2190001010894775,2.256999969482422,2.1710000038146973,2.1989998817443848,6242512000
2025-04-09,2.257999897003174,2.2760000228881836,2.0929999351501465,2.177000045776367,1575049000
2025-04-10,2.312999963760376,2.3570001125335693,2.2939999103546143,2.2950000762939453,1059578000
2025-04-11,2.3429999351501465,2.371999979019165,2.2950000762939453,2.296999931335449,590132500
2025-04-14,2.374000072479248,2.3929998874664307,2.361999988555908,2.365999937057495,634865300
2025-04-15,2.365000009536743,2.380000114440918,2.3489999771118164,2.371999979019165,568829900
2025-04-16,2.3350000381469727,2.359999895095825,2.305999994277954,2.3529999256134033,1045112000
2025-04-17,2.3359999656677246,2.3610000610351562,2.319999933242798,2.322999954223633,635311100
2025-04-18,2.3320000171661377,2.3450000286102295,2.316999912261963,2.3299999237060547,740884100
2025-04-21,2.380000114440918,2.381999969482422,2.318000078201294,2.328000068664551,672338100
2025-04-22,2.380000114440918,2.3910000324249268,2.368000030517578,2.377000093460083,421360000
2025-04-23,2.3940000534057617,2.4089999198913574,2.381999969482422,2.3919999599456787,664292600
2025-04-24,2.371000051498413,2.3940000534057617,2.3570001125335693,2.390000104904175,532361400
2025-04-25,2.375999927520752,2.3959999084472656,2.3610000610351562,2.371000051498413,574595700
2025-04-28,2.3510000705718994,2.378000020980835,2.3450000286102295,2.375,613250800
2025-04-29,2.36299991607666,2.371999979019165,2.3369998931884766,2.3450000286102295,460255500
2025-04-30,2.38100004196167,2.390000104904175,2.361999988555908,2.36299991607666,608756500
2025-05-06,2.441999912261963,2.441999912261963,2.3949999809265137,2.3949999809265137,611700000
2025-05-07,2.444000005722046,2.494999885559082,2.427999973297119,2.4670000076293945,866819800
2025-05-08,2.4660000801086426,2.4709999561309814,2.437000036239624,2.438999891281128,580838000
2025-05-09,2.437000036239624,2.4649999141693115,2.4240000247955322,2.4649999141693115,417648500
2025-05-12,2.4709999561309814,2.4719998836517334,2.444999933242798,2.4519999027252197,518941100
2025-05-13,2.4619998931884766,2.48799991607666,2.4560000896453857,2.48799991607666,591370800
2025-05-14,2.4679999351501465,2.484999895095825,2.444999933242798,2.4619998931884766,516588300
2025-05-15,2.427999973297119,2.4630000591278076,2.4240000247955322,2.4619998931884766,419296200
2025-05-16,2.431999921798706,2.444000005722046,2.421999931335449,2.4230000972747803,426175300
2025-05-19,2.443000078201294,2.444999933242798,2.4070000648498535,2.4230000972747803,350334500
2025-05-20,2.4630000591278076,2.4670000076293945,2.431999921798706,2.438999891281128,301247800
2025-05-21,2.4570000171661377,2.4609999656677246,2.447000026702881,2.4579999446868896,231360900
2025-05-22,2.433000087738037,2.4649999141693115,2.430000066757202,2.450000047683716,359451900
2025-05-23,2.4019999504089355,2.447000026702881,2.4010000228881836,2.427999973297119,411350100
2025-05-26,2.4159998893737793,2.4230000972747803,2.3980000019073486,2.4010000228881836,351348300
2025-05-27,2.4089999198913574,2.4179999828338623,2.3929998874664307,2.4079999923706055,438799500
2025-05-28,2.4030001163482666,2.4189999103546143,2.3959999084472656,2.4079999923706055,353840900
2025-05-29,2.446000099182129,2.447000026702881,2.4040000438690186,2.4070000648498535,739721700
2025-05-30,2.4230000972747803,2.437999963760376,2.4149999618530273,2.437000036239624,807825700
2025-06-03,2.436000108718872,2.444999933242798,2.4119999408721924,2.4140000343322754,379097000
2025-06-04,2.4579999446868896,2.4609999656677246,2.434000015258789,2.437000036239624,289313800
2025-06-05,2.4779999256134033,2.4830000400543213,2.447999954223633,2.4590001106262207,346380800
2025-06-06,2.4730000495910645,2.4790000915527344,2.4649999141693115,2.4790000915527344,256363500
2025-06-09,2.497999906539917,2.505000114440918,2.4739999771118164,2.4769999980926514,386489600
2025-06-10,2.4760000705718994,2.5,2.4539999961853027,2.5,394441000
2025-06-11,2.486999988555908,2.503000020980835,2.4749999046325684,2.4760000705718994,403662000
2025-06-12,2.490999937057495,2.496000051498413,2.4700000286102295,2.4769999980926514,194088600
2025-06-13,2.4590001106262207,2.48799991607666,2.453000068664551,2.4839999675750732,355052300
2025-06-16,2.4730000495910645,2.4779999256134033,2.450000047683716,2.4509999752044678,296659400
2025-06-17,2.4700000286102295,2.4809999465942383,2.4619998931884766,2.4739999771118164,325780100
2025-06-18,2.4670000076293945,2.4730000495910645,2.447999954223633,2.4690001010894775,248404800
2025-06-19,2.437000036239624,2.4730000495910645,2.427999973297119,2.4619998931884766,407491700
2025-06-20,2.4170000553131104,2.443000078201294,2.4159998893737793,2.434000015258789,558996100
2025-06-23,2.447999954223633,2.4489998817443848,2.4049999713897705,2.4049999713897705,500120800
2025-06-24,2.49399995803833,2.496000051498413,2.447999954223633,2.4489998817443848,520728800
2025-06-25,2.5309998989105225,2.5350000858306885,2.494999885559082,2.496000051498413,573239900
2025-06-26,2.5199999809265137,2.5420000553131104,2.5190000534057617,2.5280001163482666,645728000
2025-06-27,2.5290000438690186,2.5490000247955322,2.5220000743865967,2.5269999504089355,464919100
2025-06-30,2.562000036239624,2.563999891281128,2.5329999923706055,2.5329999923706055,575762700
2025-07-01,2.569000005722046,2.569999933242798,2.5409998893737793,2.562000036239624,388380700
2025-07-02,2.5460000038146973,2.563999891281128,2.5360000133514404,2.562999963760376,384424200
2025-07-03,2.556999921798706,2.559999942779541,2.5360000133514404,2.5450000762939453,351904300
